{"intrinsics":{"FocalLength":[1308.1486447941036,1308.0049543358948],"PrincipalPoint":[667.82149867383794,250.28868378528873],"ImageSize":[720,1280],"RadialDistortion":[0.012877113615599052,-0.03318372679691859],"TangentialDistortion":[0,0],"Skew":0,"K":[[1308.1486447941036,0,667.82149867383794],[0,1308.0049543358948,250.28868378528873],[0,0,1]]}}